Provincia,Apellido y Nombre,Inicio de mandato,Fin de mandato,Lugar de nacimiento,Año de nacimiento,Lugar de fallecimiento,Año de fallecimiento,Causa de fallecimiento,Profesión
Buenos Aires,Martín Rodríguez,1820,1824,Bs. As., 1771,Bs. As., 1845. Causas naturales,Militar
Buenos Aires,Las Heras, Juan Gregorio de,1824,1826,Bs. As., 1780,Santiago de Chile, 1866. Causas naturales,Militar
Buenos Aires,Manuel Dorrego,1827,1828,Bs. As., 1787,Navarro, 1828. Fusilado,Abogado / Militar
Buenos Aires,Juan Manuel de Rosas,1829,1832,Bs. As., 1793,Southampton, 1877. Causas naturales,Estanciero
Buenos Aires,Juan Ramón Balcarce,1832,1833,Bs. As., 1773,Bs. As., 1836. Causas naturales,Militar
Buenos Aires,Juan José Viamonte,1833,1834,Bs. As., 1774,Bs. As., 1843. Causas naturales,Militar / Abogado
Buenos Aires,Manuel Vicente Maza,1834,1835,Chascomús, 1779,Bs. As., 1839. Asesinado,Abogado
Buenos Aires,Juan Manuel de Rosas,1835,1852,Bs. As., 1793,Southampton, 1877. Causas naturales,Estanciero
Buenos Aires,Vicente López y Planes,1852,1852,Bs. As., 1785,Bs. As., 1856. Causas naturales,Abogado / Poeta
Buenos Aires,Manuel Guillermo Pinto,1852,1853,Bs. As., 1800,Bs. As., 1873. Causas naturales,Militar / Abogado
Buenos Aires,Valentín Alsina,1852,1852,Bs. As., 1802,Bs. As., 1869. Causas naturales,Abogado
Buenos Aires,Pastor Obligado,1853,1857,Bs. As., 1814,Bs. As., 1870. Causas naturales,Abogado
Buenos Aires,Valentín Alsina,1857,1859,Bs. As., 1802,Bs. As., 1869. Causas naturales,Abogado
Buenos Aires,Felipe Lavallol,1859,1860,Bs. As., 1812,Bs. As., 1882. Causas naturales,Comerciante
Buenos Aires,Bartolomé Mitre,1860,1862,Bs. As., 1821,Bs. As., 1906. Causas naturales,Militar / Periodista
Buenos Aires,Marcos Paz,1862,1862,Tucumán, 1813,Bs. As., 1868. Fiebre amarilla,Abogado
Buenos Aires,Adolfo Alsina,1866,1868,Bs. As., 1829,Bs. As., 1877. Causas naturales,Abogado
Buenos Aires,Emilio Castro,1868,1871,Bs. As., 1817,Bs. As., 1879. Causas naturales,Abogado
Buenos Aires,Mariano Acosta,1872,1876,Bs. As., 1825,Bs. As., 1894. Causas naturales,Abogado
Buenos Aires,Carlos Tejedor,1877,1880,Bs. As., 1817,Bs. As., 1903. Causas naturales,Abogado
Buenos Aires,Dardo Rocha,1881,1884,Bs. As., 1838,La Plata, 1921. Causas naturales,Abogado
Buenos Aires,Carlos D'Amico,1884,1887,Bs. As., 1839,Milán, 1917. Causas naturales,Médico / Escritor
Buenos Aires,Máximo Paz,1887,1890,Buenos Aires, 1845,Bs. As., 1920. Causas naturales,Abogado / Estanciero
Buenos Aires,Julio Costa,1890,1894,Buenos Aires, 1858,Bs. As., 1932. Causas naturales,Abogado
Buenos Aires,Guillermo Udaondo,1894,1898,Buenos Aires, 1839,Bs. As., 1905. Causas naturales,Estanciero
Buenos Aires,Bernardo de Irigoyen,1898,1902,Bs. As., 1822,Bs. As., 1906. Causas naturales,Abogado / Diplomático
Buenos Aires,Marcelino Ugarte,1902,1906,Bs. As., 1860,Bs. As., 1929. Causas naturales,Abogado
Buenos Aires,Ignacio Irigoyen,1906,1910,Buenos Aires, 1865,Bs. As., 1933. Causas naturales,Abogado
Buenos Aires,Marcelino Ugarte,1910,1914,Bs. As., 1860,Bs. As., 1929. Causas naturales,Abogado
Buenos Aires,Rodolfo Moreno,1914,1917,Bs. As., 1879,Bs. As., 1953. Causas naturales,Abogado
Buenos Aires,José Camilo Crotto,1917,1921,Buenos Aires, 1863,Bs. As., 1936. Causas naturales,Abogado / Estanciero
Buenos Aires,Luis Monteverde,1921,1924,Buenos Aires, 1872,Bs. As., 1942. Causas naturales,Militar
Buenos Aires,José Luis Cantilo,1924,1927,Buenos Aires, 1871,Bs. As., 1944. Causas naturales,Abogado
Buenos Aires,Valentín Vergara,1927,1930,Buenos Aires, 1874,Bs. As., 1953. Causas naturales,Abogado
Buenos Aires,Manuel Fresco,1936,1940,Mercedes, 1888,Bs. As., 1971. Causas naturales,Médico
Buenos Aires,Rodolfo Moreno,1940,1943,Bs. As., 1879,Bs. As., 1953. Causas naturales,Abogado
Buenos Aires,Domingo Mercante,1946,1952,San Andrés de Giles, 1898,Bs. As., 1976. Causas naturales,Militar
Buenos Aires,Carlos Aloé,1952,1955,Bs. As., 1897,Montevideo, 1979. Causas naturales,Militar
Buenos Aires,Emilio Bonnecarrère,1958,1958,Bs. As., 1905,Bs. As., 1993. Causas naturales,Abogado
Buenos Aires,Oscar Alende,1958,1962,Córdoba, 1909,Bs. As., 1996. Causas naturales,Médico
Buenos Aires,Francisco Imaz,1963,1966,Buenos Aires, 1914,Bs. As., 1986. Causas naturales,Abogado
Buenos Aires,Victorio Calabró,1973,1976,San Fernando, 1923,Bs. As., 2005. Causas naturales,Gremialista
Buenos Aires,Ibérico Saint-Jean,1976,1981,Buenos Aires, 1918,Bs. As., 2012. Causas naturales,Militar
Buenos Aires,Jorge Aguado,1981,1983,Buenos Aires, 1920,Bs. As., 2009. Causas naturales,Militar
Buenos Aires,Alejandro Armendáriz,1983,1987,Buenos Aires, 1935,Bs. As., 1992. Causas naturales,Médico
Buenos Aires,Antonio Cafiero,1987,1991,Bs. As., 1922,Bs. As., 2014. Causas naturales,Economista
Buenos Aires,Eduardo Duhalde,1991,1999,Lomas de Zamora, 1941,—,Abogado
Buenos Aires,Carlos Ruckauf,1999,2002,Bs. As., 1944,—,Abogado
Buenos Aires,Felipe Solá,2002,2007,Bs. As., 1950,—,Agrónomo
Buenos Aires,Daniel Scioli,2007,2015,Bs. As., 1957,—,Deportista / Empresario
Buenos Aires,María Eugenia Vidal,2015,2019,Bs. As., 1973,—,Lic. en Ciencias Políticas
Buenos Aires,Axel Kicillof,2019,en ejercicio,Bs. As., 1971,—,Economista
Córdoba,Manuel López,1829,1851,San Francisco, 1789,Córdoba, 1851. Causas naturales,Militar
Córdoba,Roque Ferreyra,1852,1852,Córdoba, 1820,Córdoba, 1888. Causas naturales,Abogado
Córdoba,Alejo Carmen Guzmán,1852,1855,Córdoba, 1816,Córdoba, 1877. Causas naturales,Abogado
Córdoba,Marcos Juárez,1855,1858,Córdoba, 1822,Bs. As., 1904. Causas naturales,Militar
Córdoba,Ángel Vicente Peñaloza (int.),1858,1858,La Rioja, 1798,Olta, 1863. Asesinado,Militar (caudillo)
Córdoba,Justiniano Posse,1858,1862,Córdoba, 1828,Córdoba, 1898. Causas naturales,Abogado
Córdoba,Félix de la Peña,1862,1866,Córdoba, 1829,Córdoba, 1907. Causas naturales,Abogado
Córdoba,Álvaro Pizarro,1866,1870,Córdoba, 1832,Córdoba, 1900. Causas naturales,Abogado
Córdoba,Enrique Rodríguez,1870,1874,Córdoba, 1839,Córdoba, 1879. Causas naturales,Abogado
Córdoba,Julio Roca,1874,1877,Tucumán, 1843,Bs. As., 1914. Causas naturales,Militar
Córdoba,Antonio del Viso,1877,1880,Córdoba, 1836,Bs. As., 1919. Causas naturales,Abogado
Córdoba,Jerónimo Cortés,1880,1882,Córdoba, 1834,Córdoba, 1914. Causas naturales,Abogado
Córdoba,Ambrosio Olmos,1882,1886,Córdoba, 1838,Bs. As., 1897. Causas naturales,Médico
Córdoba,Juárez Celman, Miguel,1886,1886,Córdoba, 1844,Córdoba, 1909. Causas naturales,Abogado
Córdoba,Ramón Cárcano,1887,1890,Córdoba, 1860,Bs. As., 1946. Causas naturales,Abogado / Escritor
Córdoba,Eleazar Garzón,1890,1892,Córdoba, 1853,Bs. As., 1901. Causas naturales,Abogado
Córdoba,Marcos Juárez,1892,1895,Córdoba, 1838,Bs. As., 1904. Causas naturales,Militar
Córdoba,Julio Astrada,1895,1898,Córdoba, 1841,Córdoba, 1910. Causas naturales,Abogado
Córdoba,Donaciano del Campillo,1898,1901,Córdoba, 1850,Bs. As., 1926. Causas naturales,Abogado
Córdoba,Ramón Cárcano,1901,1904,Córdoba, 1860,Bs. As., 1946. Causas naturales,Abogado / Escritor
Córdoba,José Figueroa Alcorta,1895,1895,Córdoba, 1860,Bs. As., 1931. Causas naturales,Abogado
Córdoba,Pedro Olmos,1904,1907,Córdoba, 1861,Córdoba, 1938. Causas naturales,Médico
Córdoba,Félix Garzón Maceda,1907,1910,Córdoba, 1869,Córdoba, 1939. Causas naturales,Médico
Córdoba,Cárcano, Ramón J. (2.° vez),1913,1916,Córdoba, 1860,Bs. As., 1946. Causas naturales,Abogado / Escritor
Córdoba,Rafael Núñez,1916,1919,Córdoba, 1872,Bs. As., 1948. Causas naturales,Médico
Córdoba,Julio Borda,1919,1922,Córdoba, 1873,Bs. As., 1936. Causas naturales,Abogado
Córdoba,Julio Roca (h.),1922,1925,Córdoba, 1873,Bs. As., 1942. Causas naturales,Abogado
Córdoba,Ramón Molina,1925,1928,Córdoba, 1877,Córdoba, 1953. Causas naturales,Médico
Córdoba,José Antonio Ceballos,1928,1930,Córdoba, 1878,Córdoba, 1968. Causas naturales,Abogado
Córdoba,Pedro Frías,1936,1940,Córdoba, 1907,Córdoba, 1985. Causas naturales,Abogado
Córdoba,Santiago del Castillo,1940,1943,Córdoba, 1891,Córdoba, 1951. Causas naturales,Abogado
Córdoba,Raúl Lucini,1952,1955,Córdoba, 1908,Córdoba, 1972. Causas naturales,Ingeniero
Córdoba,Arturo Zanichelli,1958,1962,Córdoba, 1911,Córdoba, 1998. Causas naturales,Abogado
Córdoba,Justo Páez Molina,1963,1966,Córdoba, 1913,Córdoba, 1983. Causas naturales,Abogado
Córdoba,Obregón Cano, Ricardo,1973,1974,Córdoba, 1924,Córdoba, 2013. Causas naturales,Médico
Córdoba,Raúl Lacabanne,1974,1976,Tucumán, 1925,—,Militar
Córdoba,Carlos Chasseing,1976,1979,Córdoba, 1927,—,Militar
Córdoba,Juan Bautista Sasiaiñ,1979,1981,Bs. As., 1927,—,Militar
Córdoba,Eduardo César Aguirre,1981,1983,—,—,Militar
Córdoba,Eduardo Angeloz,1983,1995,Río Primero, 1931,Córdoba, 2016. Causas naturales,Abogado
Córdoba,Ramón Mestre,1995,1999,Córdoba, 1940,Córdoba, 2019. Causas naturales,Abogado
Córdoba,José Manuel de la Sota,1999,2007,Córdoba, 1949,Córdoba, 2018. Accidente de tránsito,Abogado
Córdoba,Juan Schiaretti,2007,2011,Córdoba, 1950,—,Economista
Córdoba,José Manuel de la Sota,2011,2015,Córdoba, 1949,Córdoba, 2018. Accidente de tránsito,Abogado
Córdoba,Juan Schiaretti,2015,2023,Córdoba, 1950,—,Economista
Córdoba,Martín Llaryora,2023,en ejercicio,Córdoba, 1970,—,Lic. en Ciencias Políticas
Santa Fe,Estanislao López,1818,1838,Santa Fe, 1786,Santa Fe, 1838. Causas naturales,Militar (caudillo)
Santa Fe,Juan Pablo López,1838,1842,Santa Fe, 1795,Santa Fe, 1869. Causas naturales,Militar
Santa Fe,Juan de la Cruz Seguí,1842,1851,Bs. As., 1803,Corrientes, 1871. Causas naturales,Abogado
Santa Fe,Pascual Rosas,1851,1852,Santa Fe, 1820,Santa Fe, 1880. Causas naturales,Militar
Santa Fe,Domingo Crespo,1852,1856,España, 1805,Santa Fe, 1862. Causas naturales,Médico
Santa Fe,José María Cullen,1856,1858,Santa Fe, 1826,Bs. As., 1906. Causas naturales,Abogado
Santa Fe,Pascual Rosas,1858,1865,Santa Fe, 1820,Santa Fe, 1880. Causas naturales,Militar
Santa Fe,Nicasio Oroño,1865,1868,Santa Fe, 1825,Bs. As., 1904. Causas naturales,Abogado
Santa Fe,Mariano Cabal,1868,1871,Santa Fe, 1827,Santa Fe, 1892. Causas naturales,Estanciero
Santa Fe,Simón de Iriondo,1871,1874,Santa Fe, 1830,Bs. As., 1883. Causas naturales,Abogado
Santa Fe,Servando Bayo,1874,1878,Santa Fe, 1840,Santa Fe, 1921. Causas naturales,Abogado
Santa Fe,Simón de Iriondo,1878,1882,Santa Fe, 1830,Bs. As., 1883. Causas naturales,Abogado
Santa Fe,Pedro Gómez Cello,1882,1886,Santa Fe, 1839,Santa Fe, 1895. Causas naturales,Abogado
Santa Fe,José Gálvez,1886,1890,Santa Fe, 1840,Bs. As., 1902. Causas naturales,Abogado
Santa Fe,Cafferata, Juan M.,1890,1890,Córdoba, 1862,Bs. As., 1936. Causas naturales,Médico
Santa Fe,Lucas González,1890,1893,Buenos Aires, 1845,Bs. As., 1914. Causas naturales,Abogado
Santa Fe,Juan Canter,1893,1894,Santa Fe, 1858,Santa Fe, 1898. Causas naturales,Abogado
Santa Fe,Luciano Leiva,1894,1898,La Rioja, 1842,Bs. As., 1907. Causas naturales,Abogado
Santa Fe,Cupertino del Campo,1898,1902,Santa Fe, 1862,Santa Fe, 1934. Causas naturales,Abogado
Santa Fe,Rodolfo Freyre,1902,1906,Santa Fe, 1873,Bs. As., 1929. Causas naturales,Abogado
Santa Fe,Ignacio Crespo,1906,1910,Santa Fe, 1871,Bs. As., 1948. Causas naturales,Abogado
Santa Fe,Manuel Menchaca,1910,1912,Santa Fe, 1869,Santa Fe, 1929. Causas naturales,Abogado
Santa Fe,Pedro Echagüe,1912,1916,Santa Fe, 1882,Bs. As., 1957. Causas naturales,Abogado
Santa Fe,Manuel Menchaca,1916,1919,Santa Fe, 1869,Santa Fe, 1929. Causas naturales,Abogado
Santa Fe,Enrique Mosca,1920,1924,Santa Fe, 1879,Bs. As., 1959. Causas naturales,Abogado
Santa Fe,Ricardo Aldao,1924,1928,Santa Fe, 1862,Santa Fe, 1929. Causas naturales,Abogado
Santa Fe,Pedro Gómez Cello (h.),1928,1930,Santa Fe, 1892,Santa Fe, 1956. Causas naturales,Abogado
Santa Fe,Luciano Molinas,1932,1935,Santa Fe, 1892,Bs. As., 1971. Causas naturales,Abogado
Santa Fe,Manuel de Iriondo,1937,1941,Santa Fe, 1872,Bs. As., 1951. Causas naturales,Abogado
Santa Fe,Joaquín Argonz,1941,1943,Santa Fe, 1886,Santa Fe, 1965. Causas naturales,Abogado
Santa Fe,César Mazza,1946,1950,Santa Fe, 1908,Santa Fe, 1976. Causas naturales,Militar
Santa Fe,Waldino Suárez,1950,1952,Santa Fe, 1916,Santa Fe, 1985. Causas naturales,Militar
Santa Fe,Eduardo Molina,1952,1955,Santa Fe, 1900,Santa Fe, 1974. Causas naturales,Ingeniero
Santa Fe,Carlos Silvestre Begnis,1958,1962,Santa Fe, 1903,Bs. As., 1993. Causas naturales,Médico
Santa Fe,Aldo Tessio,1963,1966,Santa Fe, 1907,Bs. As., 1990. Causas naturales,Abogado
Santa Fe,Carlos Silvestre Begnis,1963,1966,Santa Fe, 1903,Bs. As., 1993. Causas naturales,Médico
Santa Fe,Aldo Luis Tessio,1966,1966,Santa Fe, 1907,Bs. As., 1990. Causas naturales,Abogado
Santa Fe,Leónidas Anastasi,1973,1976,Santa Fe, 1927,Santa Fe, 1999. Causas naturales,Médico
Santa Fe,Jorge Desimoni,1976,1979,Santa Fe, 1927,—,Militar
Santa Fe,Jorge Félix Crespi,1979,1981,Bs. As., 1931,—,Militar
Santa Fe,José María Vernet,1983,1987,Santa Fe, 1933,—,Abogado
Santa Fe,Víctor Reviglio,1987,1991,Bs. As., 1942,—,Contador
Santa Fe,Carlos Reutemann,1991,1995,Santa Fe, 1942,Santa Fe, 2021. Cáncer,Piloto de carreras
Santa Fe,Jorge Obeid,1995,1999,Santa Fe, 1941,Santa Fe, 2022. Causas naturales,Médico
Santa Fe,Carlos Reutemann,1999,2003,Santa Fe, 1942,Santa Fe, 2021. Cáncer,Piloto de carreras
Santa Fe,Jorge Obeid,2003,2007,Santa Fe, 1941,Santa Fe, 2022. Causas naturales,Médico
Santa Fe,Hermes Binner,2007,2011,Rafaela, 1943,—,Médico
Santa Fe,Antonio Bonfatti,2011,2015,San Jorge, 1951,—,Docente
Santa Fe,Miguel Lifschitz,2015,2019,Rosario, 1955,Santa Fe, 2021. COVID-19,Arquitecto
Santa Fe,Omar Perotti,2019,2023,Rafaela, 1962,—,Farmacéutico
Santa Fe,Maximiliano Pullaro,2023,en ejercicio,San Jorge, 1979,—,Abogado
Mendoza,Pedro Molina,1820,1823,Mendoza, 1778,Mendoza, 1854. Causas naturales,Abogado
Mendoza,Juan de Dios Correas,1823,1824,Mendoza, 1798,Mendoza, 1873. Causas naturales,Abogado
Mendoza,Francisco Borja Correas,1824,1826,Mendoza, 1784,Mendoza, 1860. Causas naturales,Hacendado
Mendoza,Juan Agustín Maza,1826,1827,Mendoza, 1784,Mendoza, 1830. Causas naturales,Abogado
Mendoza,Juan Manuel Salinas,1827,1828,Mendoza, 1790,Mendoza, 1867. Causas naturales,Militar
Mendoza,Juan Agustín Maza,1829,1830,Mendoza, 1784,Mendoza, 1830. Causas naturales,Abogado
Mendoza,Juan Corvalán,1830,1831,Mendoza, 1790,Mendoza, 1851. Causas naturales,Militar
Mendoza,Pedro Molina,1831,1835,Mendoza, 1778,Mendoza, 1854. Causas naturales,Abogado
Mendoza,Tomás Godoy Cruz,1836,1837,Mendoza, 1791,Mendoza, 1852. Causas naturales,Comerciante / político
Mendoza,Pedro Pascual Segura,1837,1838,Mendoza, 1796,Mendoza, 1862. Causas naturales,Abogado
Mendoza,Justo Correas,1838,1839,Mendoza, 1800,Mendoza, 1854. Causas naturales,Hacendado
Mendoza,Alejo Mallea,1839,1843,Mendoza, 1804,Mendoza, 1882. Causas naturales,Abogado
Mendoza,Pedro Segura (2.°),1843,1845,Mendoza, 1796,Mendoza, 1862. Causas naturales,Abogado
Mendoza,Beltrán, Lorenzo,1845,1846,San Luis, 1801,Mendoza, 1862. Causas naturales,Militar
Mendoza,Nazario Benavídez,1836,1852,San Juan, 1803,San Juan, 1858. Asesinado,Militar (sust. en Mendoza)
Mendoza,Juan Cornelio Moyano,1852,1859,Mendoza, 1825,Mendoza, 1895. Causas naturales,Comerciante
Mendoza,Juan de Dios Videla,1859,1860,Mendoza, 1818,Mendoza, 1882. Causas naturales,Militar
Mendoza,Juan de Dios Videla,1862,1865,Mendoza, 1818,Mendoza, 1882. Causas naturales,Militar
Mendoza,Melchor Larrañaga,1865,1866,Mendoza, 1825,Mendoza, 1872. Causas naturales,Abogado
Mendoza,Arístides Villanueva,1870,1873,Mendoza, 1841,Mendoza, 1889. Causas naturales,Abogado
Mendoza,Agustín Alvarez,1873,1876,Mendoza, 1857,Mendoza, 1914. Causas naturales,Docente / escritor
Mendoza,Elías Villanueva,1876,1880,Mendoza, 1836,Bs. As., 1901. Causas naturales,Abogado
Mendoza,Rufino Ortega,1884,1887,Mendoza, 1847,Mendoza, 1902. Causas naturales,Militar
Mendoza,Tiburcio Benegas,1887,1889,Mendoza, 1844,Mendoza, 1906. Causas naturales,Vitivinicultor
Mendoza,Oseas Guiñazú,1889,1890,Mendoza, 1848,Mendoza, 1916. Causas naturales,Abogado
Mendoza,Emilio Civit,1898,1902,Mendoza, 1856,Mendoza, 1921. Causas naturales,Ingeniero / político
Mendoza,Carlos Galigniana Segura,1902,1906,Mendoza, 1865,Mendoza, 1941. Causas naturales,Abogado
Mendoza,Emilio Civit,1906,1910,Mendoza, 1856,Mendoza, 1921. Causas naturales,Ingeniero / político
Mendoza,Rufino Ortega (h.),1910,1914,Mendoza, 1877,Mendoza, 1947. Causas naturales,Abogado
Mendoza,Francisco Álvarez,1914,1918,Mendoza, 1877,Mendoza, 1921. Causas naturales,Médico
Mendoza,José Néstor Lencinas,1918,1920,Mendoza, 1859,Mendoza, 1920. Causas naturales,Político / caudillo
Mendoza,Carlos Washington Lencinas,1922,1924,Mendoza, 1888,Mendoza, 1929. Causas naturales,Político
Mendoza,Alejandro Orfila,1924,1926,Mendoza, 1896,Mendoza, 1979. Causas naturales,Abogado
Mendoza,Víctor Ortiz,1926,1928,Mendoza, 1889,Mendoza, 1965. Causas naturales,Abogado
Mendoza,Gustavo André,1932,1936,Mendoza, 1891,Mendoza, 1938. Causas naturales,Abogado
Mendoza,Rodolfo Corominas Segura,1936,1938,Mendoza, 1892,Mendoza, 1959. Causas naturales,Médico
Mendoza,Adolfo Vicchi,1938,1941,Mendoza, 1904,Mendoza, 1966. Causas naturales,Abogado
Mendoza,Blas Brisoli,1946,1950,Mendoza, 1913,Mendoza, 1964. Causas naturales,Médico
Mendoza,Carlos Evans,1952,1955,Mendoza, 1905,Mendoza, 1977. Causas naturales,Médico
Mendoza,Francisco Gabrielli,1958,1961,Mendoza, 1905,Mendoza, 1988. Causas naturales,Abogado
Mendoza,Ernesto Ueltschi,1963,1966,Mendoza, 1921,Mendoza, 2005. Causas naturales,Médico
Mendoza,Carlos Mendoza,1973,1974,Mendoza, 1933,Mendoza, 2004. Causas naturales,Médico
Mendoza,Félix Giberto,1976,1977,Mendoza, 1926,—,Militar
Mendoza,Rubén Blanco,1977,1981,Mendoza, 1928,—,Militar
Mendoza,Rafael Gabrielli,1981,1983,Mendoza, 1920,Mendoza, 1993. Causas naturales,Ingeniero
Mendoza,Santiago Felipe Llaver,1983,1987,San Rafael, 1926,Mendoza, 2014. Causas naturales,Médico
Mendoza,José Octavio Bordon,1987,1991,Malargüe, 1942,—,Economista
Mendoza,Rodolfo Gabrielli,1991,1995,Mendoza, 1940,—,Abogado
Mendoza,Arturo Lafalla,1995,1999,Mendoza, 1948,—,Contador
Mendoza,Roberto Iglesias,1999,2003,Mendoza, 1951,—,Abogado
Mendoza,Julio Cobos,2003,2007,Mendoza, 1961,—,Ingeniero Civil
Mendoza,Celso Jaque,2007,2011,Mendoza, 1955,—,Médico
Mendoza,Francisco Pérez,2011,2015,Mendoza, 1963,—,Abogado
Mendoza,Alfredo Cornejo,2015,2019,Mendoza, 1963,—,Abogado
Mendoza,Rodolfo Suárez,2019,2023,Mendoza, 1961,—,Abogado
Mendoza,Alfredo Cornejo,2023,en ejercicio,Mendoza, 1963,—,Abogado
Entre Ríos,Francisco Ramírez,1820,1821,Gualeguay, 1786,Córdoba, 1821. Muerto en combate,Militar (caudillo)
Entre Ríos,Lucio Mansilla,1821,1824,Bs. As., 1792,Bs. As., 1871. Causas naturales,Militar
Entre Ríos,León Solas,1824,1826,Entre Ríos, 1784,Entre Ríos, 1851. Causas naturales,Militar
Entre Ríos,Cipriano de Urquiza,1826,1826,Entre Ríos, 1790,Entre Ríos, 1850. Causas naturales,Militar
Entre Ríos,Mateo García de Zúñiga,1826,1831,Uruguay, 1780,Montevideo, 1841. Causas naturales,Militar
Entre Ríos,Justo José de Urquiza,1842,1852,Entre Ríos, 1801,Entre Ríos, 1870. Asesinado,Militar / Estanciero
Entre Ríos,Benjamín Victorica,1852,1852,Bs. As., 1831,Bs. As., 1913. Causas naturales,Abogado
Entre Ríos,Juan Seguí,1853,1858,Bs. As., 1818,Paraná, 1863. Causas naturales,Abogado
Entre Ríos,José María Domínguez,1858,1862,Entre Ríos, 1816,Entre Ríos, 1885. Causas naturales,Militar
Entre Ríos,Justo José de Urquiza,1860,1870,Entre Ríos, 1801,Entre Ríos, 1870. Asesinado,Militar / Estanciero
Entre Ríos,Emilio Duportal,1870,1871,Entre Ríos, 1828,Bs. As., 1881. Causas naturales,Médico
Entre Ríos,Leonidas Echagüe,1871,1875,Paraná, 1843,Bs. As., 1895. Causas naturales,Abogado
Entre Ríos,Ramón Febre,1875,1879,Entre Ríos, 1832,Bs. As., 1889. Causas naturales,Militar
Entre Ríos,Eduardo Racedo,1883,1887,Tucumán, 1843,Bs. As., 1918. Causas naturales,Militar
Entre Ríos,Sabá Hernández,1887,1887,Bs. As., 1852,Bs. As., 1924. Causas naturales,Abogado
Entre Ríos,Cleto Aguirre,1887,1891,Entre Ríos, 1839,Paraná, 1914. Causas naturales,Abogado
Entre Ríos,Enrique Carbó,1895,1899,Entre Ríos, 1852,Bs. As., 1939. Causas naturales,Médico
Entre Ríos,Eduardo Racedo,1899,1903,Tucumán, 1843,Bs. As., 1918. Causas naturales,Militar
Entre Ríos,Enrique Carbó,1903,1907,Entre Ríos, 1852,Bs. As., 1939. Causas naturales,Médico
Entre Ríos,Faustino Parera,1907,1911,Entre Ríos, 1860,Bs. As., 1932. Causas naturales,Abogado
Entre Ríos,Miguel Laurencena,1914,1918,Entre Ríos, 1858,Bs. As., 1932. Causas naturales,Abogado
Entre Ríos,Herminio Quirós,1918,1922,Entre Ríos, 1869,Entre Ríos, 1938. Causas naturales,Abogado
Entre Ríos,Eduardo Laurencena,1922,1926,Entre Ríos, 1885,Bs. As., 1960. Causas naturales,Abogado
Entre Ríos,Celestino Marcó,1926,1930,Entre Ríos, 1870,Bs. As., 1936. Causas naturales,Abogado
Entre Ríos,Luis Etchevehere,1935,1939,Entre Ríos, 1884,Bs. As., 1971. Causas naturales,Abogado / Periodista
Entre Ríos,Lucas Demarchi,1939,1943,Entre Ríos, 1884,Bs. As., 1970. Causas naturales,Médico
Entre Ríos,Héctor Maya,1946,1950,Entre Ríos, 1904,Bs. As., 1962. Causas naturales,Médico
Entre Ríos,Carlos Sylveyra,1950,1952,Entre Ríos, 1910,Bs. As., 1988. Causas naturales,Militar
Entre Ríos,Raúl Uranga,1958,1962,Entre Ríos, 1901,Bs. As., 1969. Causas naturales,Ingeniero
Entre Ríos,Carlos Contín,1963,1966,Entre Ríos, 1910,Bs. As., 1978. Causas naturales,Abogado
Entre Ríos,Enrique Tomás Cresto,1973,1976,Entre Ríos, 1931,Bs. As., 2006. Causas naturales,Médico
Entre Ríos,Jorge Mántaras,1976,1978,Entre Ríos, 1925,—,Militar
Entre Ríos,Lino Montiel Forzano,1978,1983,Entre Ríos, 1932,—,Militar
Entre Ríos,Jorge Busti,1983,1987,Concordia, 1947,—,Contador
Entre Ríos,Sergio Montiel,1987,1991,Entre Ríos, 1942,—,Abogado
Entre Ríos,Mario Moine,1991,1995,Concordia, 1940,—,Abogado
Entre Ríos,Jorge Busti,1995,1999,Concordia, 1947,—,Contador
Entre Ríos,Sergio Montiel,1999,2003,Entre Ríos, 1942,—,Abogado
Entre Ríos,Jorge Busti,2003,2007,Concordia, 1947,—,Contador
Entre Ríos,Sergio Urribarri,2007,2015,Hasenkamp, 1967,—,Abogado
Entre Ríos,Gustavo Bordet,2015,2023,Concordia, 1968,—,Abogado
Entre Ríos,Rogelio Frigerio,2023,en ejercicio,Bs. As., 1975,—,Economista
Tucumán,Bernabé Aráoz,1820,1821,Tucumán, 1776,Tucumán, 1824. Asesinado,Abogado
Tucumán,Abraham González,1821,1822,Tucumán, 1793,Tucumán, 1839. Causas naturales,Militar
Tucumán,Gregorio Aráoz de Lamadrid,1826,1827,Tucumán, 1795,Bs. As., 1857. Causas naturales,Militar
Tucumán,Javier López,1829,1831,Tucumán, 1798,Tucumán, 1836. Causas naturales,Militar (caudillo)
Tucumán,Alejandro Heredia,1832,1838,Tucumán, 1788,Tucumán, 1838. Asesinado,Militar
Tucumán,Marco Avellaneda,1838,1841,Tucumán, 1813,Tucumán, 1841. Decapitado,Abogado
Tucumán,Celedonio Gutiérrez,1841,1852,Tucumán, 1812,Tucumán, 1858. Causas naturales,Militar (caudillo)
Tucumán,Ensebio Bedoya,1852,1852,Tucumán, 1810,Tucumán, 1861. Causas naturales,Abogado
Tucumán,Evaristo Uriburu,1852,1853,Tucumán, 1796,Bs. As., 1872. Causas naturales,Abogado
Tucumán,Salustiano Zavalía,1853,1856,Tucumán, 1810,Bs. As., 1892. Causas naturales,Abogado
Tucumán,Marcos Paz,1856,1859,Tucumán, 1813,Bs. As., 1868. Fiebre amarilla,Abogado
Tucumán,José María del Campo,1860,1864,Tucumán, 1810,Bs. As., 1878. Causas naturales,Abogado
Tucumán,José Posse,1864,1868,Tucumán, 1824,Bs. As., 1902. Causas naturales,Abogado
Tucumán,Federico Helguera,1868,1871,Tucumán, 1839,Bs. As., 1913. Causas naturales,Abogado
Tucumán,Amador Isasmendi,1871,1874,Tucumán, 1843,Bs. As., 1912. Causas naturales,Abogado
Tucumán,Miguel Nougués,1874,1876,Tucumán, 1848,Tucumán, 1930. Causas naturales,Cañero / Industrial
Tucumán,Silvano Bores,1876,1878,Tucumán, 1852,Tucumán, 1916. Causas naturales,Abogado
Tucumán,Ignacio Rougés,1878,1880,Tucumán, 1847,Tucumán, 1892. Causas naturales,Hacendado
Tucumán,Benjamín Paz,1880,1884,Tucumán, 1840,Bs. As., 1902. Causas naturales,Abogado
Tucumán,Miguel Nougués,1884,1887,Tucumán, 1848,Tucumán, 1930. Causas naturales,Cañero / Industrial
Tucumán,Lídoro Quinteros,1887,1889,Tucumán, 1846,Tucumán, 1895. Causas naturales,Abogado
Tucumán,Próspero García,1889,1892,Tucumán, 1861,Tucumán, 1940. Causas naturales,Abogado
Tucumán,Benjamín Aráoz,1892,1895,Tucumán, 1852,Tucumán, 1929. Causas naturales,Abogado
Tucumán,Próspero García,1895,1898,Tucumán, 1861,Tucumán, 1940. Causas naturales,Abogado
Tucumán,Lucas Córdoba,1895,1898,Tucumán, 1856,Tucumán, 1920. Causas naturales,Abogado
Tucumán,Gustavo Terán,1898,1901,Tucumán, 1856,Tucumán, 1920. Causas naturales,Abogado
Tucumán,David Methfessel,1901,1904,Tucumán, 1863,Bs. As., 1922. Causas naturales,Ingeniero azucarero
Tucumán,Lucas Córdoba,1904,1907,Tucumán, 1856,Tucumán, 1920. Causas naturales,Abogado
Tucumán,Ernesto Padilla,1910,1913,Tucumán, 1873,Bs. As., 1951. Causas naturales,Abogado / escritor
Tucumán,Norberto Padilla,1913,1916,Tucumán, 1878,Bs. As., 1960. Causas naturales,Abogado
Tucumán,Juan Luis Nougués,1916,1918,Tucumán, 1875,Tucumán, 1928. Causas naturales,Industrial azucarero
Tucumán,Octaviano Vera,1918,1922,Tucumán, 1871,Tucumán, 1944. Causas naturales,Abogado
Tucumán,Miguel Campero,1922,1924,Tucumán, 1879,Tucumán, 1942. Causas naturales,Abogado / Estanciero
Tucumán,Ernesto Padilla,1924,1928,Tucumán, 1873,Bs. As., 1951. Causas naturales,Abogado / escritor
Tucumán,José Ignacio Arámburu,1928,1930,Tucumán, 1890,Bs. As., 1968. Causas naturales,Abogado
Tucumán,Luis Fausto Ortiz,1932,1936,Tucumán, 1895,Tucumán, 1953. Causas naturales,Médico
Tucumán,Miguel Critto,1936,1940,Tucumán, 1896,Tucumán, 1979. Causas naturales,Médico
Tucumán,Pedro Soldati,1940,1943,Tucumán, 1905,Bs. As., 1983. Causas naturales,Abogado
Tucumán,Carlos Domínguez,1946,1950,Tucumán, 1907,Tucumán, 1960. Causas naturales,Médico
Tucumán,Héctor Nogués,1952,1955,Tucumán, 1910,Tucumán, 1982. Causas naturales,Médico
Tucumán,Celestino Gelsi,1958,1961,Tucumán, 1904,Tucumán, 1984. Causas naturales,Abogado
Tucumán,Benjamín Aybar,1961,1962,Tucumán, 1913,Tucumán, 1993. Causas naturales,Abogado
Tucumán,Roberto Avellaneda,1963,1966,Tucumán, 1914,Tucumán, 1987. Causas naturales,Médico
Tucumán,Amado Juri,1973,1976,Tucumán, 1930,Tucumán, 1993. Causas naturales,Médico
Tucumán,Antonio Domingo Bussi,1976,1977,Tucumán, 1926,Tucumán, 2011. Causas naturales,Militar
Tucumán,Leal Ibáñez,1977,1981,—,—,Militar
Tucumán,Antonio Domingo Bussi,1995,1999,Tucumán, 1926,Tucumán, 2011. Causas naturales,Militar / político
Tucumán,Ramón Ortega,1991,1995,Tucumán, 1943,—,Cantante / empresario
Tucumán,Fernando Riera (int.),1999,1999,Tucumán, 1944,—,Abogado
Tucumán,Julio Miranda,1999,2007,Tucumán, 1949,Tucumán, 2015. Cáncer,Sindicalista
Tucumán,José Alperovich,2003,2003,Concepción, 1956,—,Contador
Tucumán,José Alperovich,2007,2015,Concepción, 1956,—,Contador
Tucumán,Juan Manzur,2015,2021,Tucumán, 1970,—,Médico
Tucumán,Osvaldo Jaldo,2021,en ejercicio,Tucumán, 1963,—,Abogado
Salta,Martín Miguel de Güemes,1820,1821,Salta, 1785,Salta, 1821. Herida de bala,Militar
Salta,José Ignacio de Gorriti,1821,1823,Jujuy, 1770,Bs. As., 1835. Causas naturales,Sacerdote / político
Salta,José Antonio Fernández Cornejo,1823,1824,Salta, 1775,Salta, 1840. Causas naturales,Militar
Salta,José Ignacio Gorriti,1825,1826,Jujuy, 1770,Bs. As., 1835. Causas naturales,Sacerdote / político
Salta,José María Saravia,1826,1827,Salta, 1796,Salta, 1865. Causas naturales,Militar
Salta,Juan Antonio Álvarez de Arenales,1824,1827,España, 1770,Córdoba, 1831. Causas naturales,Militar
Salta,José Ignacio Gorriti,1829,1829,Jujuy, 1770,Bs. As., 1835. Causas naturales,Sacerdote
Salta,Pablo de la Torre,1832,1834,Salta, 1791,Salta, 1845. Causas naturales,Militar
Salta,Alejandro Heredia,1833,1834,Tucumán, 1788,Tucumán, 1838. Asesinado,Militar
Salta,Manuel Antonio Saravia,1834,1836,Salta, 1808,Bs. As., 1878. Causas naturales,Abogado
Salta,Pablo de la Torre,1836,1838,Salta, 1791,Salta, 1845. Causas naturales,Militar
Salta,Manuel Antonio Saravia,1841,1843,Salta, 1808,Bs. As., 1878. Causas naturales,Abogado
Salta,Dionisio Puch,1843,1848,Salta, 1803,Bs. As., 1874. Causas naturales,Militar
Salta,José Manuel Saravia,1851,1856,Salta, 1826,Bs. As., 1905. Causas naturales,Abogado
Salta,Tomás Arias,1856,1858,Salta, 1809,Salta, 1878. Causas naturales,Militar
Salta,Juan Nepomuceno Uriburu,1858,1862,Salta, 1820,Bs. As., 1886. Causas naturales,Abogado
Salta,Cleto Aguirre,1862,1866,Entre Ríos, 1839,Paraná, 1914. Causas naturales,Abogado
Salta,Sixto Ovejero,1866,1868,Salta, 1831,Salta, 1891. Causas naturales,Militar
Salta,Martín Güemes (h.),1868,1871,Salta, 1842,Bs. As., 1894. Causas naturales,Militar
Salta,Miguel Aráoz,1871,1874,Salta, 1838,Bs. As., 1892. Causas naturales,Abogado
Salta,Uladislao Frías,1874,1877,Salta, 1836,Bs. As., 1905. Causas naturales,Abogado
Salta,Miguel Ortiz,1877,1879,Salta, 1845,Salta, 1915. Causas naturales,Abogado
Salta,Moisés Oliva,1882,1886,Salta, 1848,Bs. As., 1928. Causas naturales,Abogado
Salta,Martín Güemes (h.),1886,1890,Salta, 1842,Bs. As., 1894. Causas naturales,Militar
Salta,Delfín Leguizamón,1890,1894,Salta, 1840,Bs. As., 1918. Causas naturales,Abogado
Salta,Pío Uriburu,1894,1898,Salta, 1850,Bs. As., 1918. Causas naturales,Abogado
Salta,Víctor Solá,1898,1902,Salta, 1852,Salta, 1926. Causas naturales,Abogado / ingeniero
Salta,Aniceto Latorre,1902,1906,Salta, 1861,Bs. As., 1920. Causas naturales,Abogado
Salta,Ángel Zerda,1906,1910,Salta, 1862,Bs. As., 1928. Causas naturales,Abogado
Salta,Abraham Cornejo,1910,1913,Salta, 1871,Bs. As., 1963. Causas naturales,Abogado
Salta,Robustiano Patrón Costas,1913,1916,Salta, 1878,Bs. As., 1965. Causas naturales,Abogado / Hacendado
Salta,Joaquín Castellanos,1916,1918,Salta, 1861,Bs. As., 1932. Causas naturales,Poeta / abogado
Salta,Julio Cornejo,1918,1922,Salta, 1877,Salta, 1959. Causas naturales,Abogado
Salta,Adolfo Güemes,1922,1925,Salta, 1879,Bs. As., 1930. Causas naturales,Abogado
Salta,Hipólito Cornejo,1925,1928,Salta, 1884,Bs. As., 1958. Causas naturales,Abogado
Salta,Joaquín Corbalán,1928,1930,Salta, 1875,Bs. As., 1940. Causas naturales,Médico
Salta,Arturo Torino,1932,1936,Salta, 1897,Bs. As., 1941. Causas naturales,Abogado
Salta,Luis Patrón Costas,1936,1940,Salta, 1896,Bs. As., 1953. Causas naturales,Abogado / estanciero
Salta,Lucio Cornejo,1940,1943,Salta, 1905,Bs. As., 1953. Causas naturales,Abogado
Salta,Lucio Alfredo Cornejo,1943,1943,Salta, 1905,Bs. As., 1953. Causas naturales,Abogado
Salta,Costas, Rodolfo Patrón,1946,1952,Salta, 1897,Bs. As., 1983. Causas naturales,Abogado
Salta,Miguel Tavella,1952,1955,Salta, 1906,Bs. As., 1977. Causas naturales,Médico
Salta,Bernardino Biella,1958,1962,Salta, 1906,Salta, 1985. Causas naturales,Médico
Salta,Carlos Xamena,1962,1963,Salta, 1913,Salta, 1981. Causas naturales,Abogado
Salta,Roberto Romero,1976,1983,Salta, 1935,Salta, 1995. Causas naturales,Periodista / empresario
Salta,Roberto Romero,1983,1987,Salta, 1935,Salta, 1995. Causas naturales,Periodista / empresario
Salta,Hernán Cornejo,1987,1991,Salta, 1931,Salta, 2001. Causas naturales,Abogado
Salta,Roberto Ulloa,1991,1995,Salta, 1942,—,Médico
Salta,Juan Carlos Romero,1995,2007,Salta, 1953,—,Abogado
Salta,Juan Manuel Urtubey,2007,2019,Salta, 1971,—,Abogado
Salta,Gustavo Sáenz,2019,en ejercicio,Salta, 1973,—,Abogado
Corrientes,Juan José Fernández Blanco,1821,1824,España, 1775,Corrientes, 1851. Causas naturales,Comerciante
Corrientes,Pedro Ferré,1824,1828,España, 1788,Corrientes, 1867. Causas naturales,Carpintero de ribera
Corrientes,Pedro Cabral,1828,1830,Corrientes, 1800,Corrientes, 1874. Causas naturales,Militar
Corrientes,Pedro Ferré,1830,1833,España, 1788,Corrientes, 1867. Causas naturales,Carpintero de ribera
Corrientes,Rafael de Atienza,1833,1837,España, 1792,Corrientes, 1840. Causas naturales,Comerciante
Corrientes,Genaro Berón de Astrada,1839,1839,Corrientes, 1803,Pago Largo, 1839. Muerto en combate,Militar
Corrientes,Pedro Ferré,1839,1842,España, 1788,Corrientes, 1867. Causas naturales,Carpintero de ribera
Corrientes,José Joaquín Madariaga,1843,1847,Corrientes, 1799,Montevideo, 1848. Causas naturales,Militar
Corrientes,Benjamín Virasoro,1847,1852,Corrientes, 1812,Bs. As., 1876. Causas naturales,Militar
Corrientes,Juan Pujol,1852,1859,Corrientes, 1817,Bs. As., 1861. Causas naturales,Abogado
Corrientes,José María Rolón,1859,1861,Corrientes, 1817,Bs. As., 1874. Causas naturales,Médico
Corrientes,Manuel Lagraña,1862,1865,Corrientes, 1831,Bs. As., 1897. Causas naturales,Abogado
Corrientes,Evaristo López,1865,1868,Corrientes, 1824,Corrientes, 1894. Causas naturales,Militar
Corrientes,Santiago Baibiene,1868,1872,Corrientes, 1837,Bs. As., 1895. Causas naturales,Abogado
Corrientes,Agustín Pedro Justo,1872,1876,Concepción del Uruguay, 1833,Bs. As., 1890. Causas naturales,Médico
Corrientes,Juan Vicente Pampín,1876,1878,Corrientes, 1837,Bs. As., 1890. Causas naturales,Abogado
Corrientes,Manuel Derqui,1878,1880,Corrientes, 1844,Bs. As., 1899. Causas naturales,Abogado
Corrientes,Antonio Gallino,1880,1882,Corrientes, 1845,Bs. As., 1922. Causas naturales,Médico
Corrientes,Ángel Molina,1882,1886,Corrientes, 1844,Corrientes, 1903. Causas naturales,Abogado
Corrientes,Juan Ramón Vidal,1886,1889,Corrientes, 1860,Bs. As., 1940. Causas naturales,Abogado
Corrientes,Antonio Ignacio Ruiz,1889,1893,Corrientes, 1850,Corrientes, 1911. Causas naturales,Médico
Corrientes,Valentín Virasoro,1893,1897,Corrientes, 1854,Bs. As., 1939. Causas naturales,Abogado
Corrientes,Juan Esteban Martínez,1897,1901,Corrientes, 1845,Bs. As., 1925. Causas naturales,Abogado
Corrientes,Juan Ramón Vidal,1901,1909,Corrientes, 1860,Bs. As., 1940. Causas naturales,Abogado
Corrientes,Juan Luis Resoagli,1909,1913,Corrientes, 1866,Bs. As., 1937. Causas naturales,Abogado
Corrientes,Mariano Indalecio Loza,1913,1919,Corrientes, 1872,Bs. As., 1952. Causas naturales,Abogado
Corrientes,Adolfo Contte,1919,1921,Corrientes, 1880,Bs. As., 1952. Causas naturales,Abogado
Corrientes,Juan Ramón Vidal,1921,1925,Corrientes, 1860,Bs. As., 1940. Causas naturales,Abogado
Corrientes,Benjamín González,1925,1929,Corrientes, 1872,Bs. As., 1942. Causas naturales,Abogado
Corrientes,Atilio Dell'Oro Maini,1930,1931,Corrientes, 1895,Bs. As., 1980. Causas naturales,Abogado
Corrientes,Juan Francisco Torrent,1932,1935,Corrientes, 1887,Bs. As., 1946. Causas naturales,Abogado
Corrientes,Juan Ramón Vidal,1935,1939,Corrientes, 1860,Bs. As., 1940. Causas naturales,Abogado
Corrientes,Pedro Numa Soto,1939,1942,Corrientes, 1895,Bs. As., 1966. Causas naturales,Médico
Corrientes,Ernesto Bavio,1946,1947,Bs. As., 1905,Bs. As., 1972. Causas naturales,Médico
Corrientes,Luciano Torrent,1947,1952,Corrientes, 1904,Bs. As., 1973. Causas naturales,Abogado
Corrientes,Raúl Benito Castillo,1952,1955,Corrientes, 1908,Corrientes, 1984. Causas naturales,Médico
Corrientes,Fernando Piragine Niveyro,1958,1962,Corrientes, 1919,Bs. As., 2010. Causas naturales,Médico
Corrientes,Diego Nicolás Díaz Colodrero,1963,1966,Corrientes, 1914,Bs. As., 1993. Causas naturales,Abogado
Corrientes,Julio Romero,1973,1976,Corrientes, 1934,Bs. As., 2012. Causas naturales,Abogado
Corrientes,Juan Carlos Romero,1976,1979,Corrientes, 1927,—,Militar
Corrientes,Adolfo Navajas Artaza,1979,1983,Corrientes, 1933,Corrientes, 2013. Causas naturales,Abogado
Corrientes,Juan Romero,1983,1987,Corrientes, 1934,Bs. As., 2012. Causas naturales,Abogado
Corrientes,José Antonio Romero Feris,1987,1991,Corrientes, 1941,—,Abogado
Corrientes,Ricardo Leconte Mantilla,1991,1993,Corrientes, 1948,—,Abogado
Corrientes,Raúl Romero Feris,1993,1997,Corrientes, 1944,—,Abogado
Corrientes,Pedro Braillard Poccard,1997,1999,Corrientes, 1955,—,Ingeniero
Corrientes,Horacio Colombi,1999,2001,Corrientes, 1956,—,Abogado
Corrientes,Ricardo Colombi,2001,2005,Corrientes, 1952,—,Contador
Corrientes,Horacio Colombi,2005,2009,Corrientes, 1956,—,Abogado
Corrientes,Ricardo Colombi,2009,2013,Corrientes, 1952,—,Contador
Corrientes,Horacio Colombi,2013,2017,Corrientes, 1956,—,Abogado
Corrientes,Gustavo Valdés,2017,en ejercicio,Corrientes, 1969,—,Abogado
Chaco,Donato del Campillo,1951,1952,Bs. As., 1905,—,Ingeniero
Chaco,Felipe Gallardo,1952,1955,Chaco, 1907,Chaco, 1988. Causas naturales,Médico
Chaco,Florencio Tenev,1958,1962,Chaco, 1912,Bs. As., 1993. Causas naturales,Médico
Chaco,Deolindo Bittel,1963,1966,Chaco, 1920,Bs. As., 1994. Causas naturales,Abogado
Chaco,Desiderio Zerpa,1973,1976,Chaco, 1926,—,Médico
Chaco,Ruiz Palacios,1976,1979,—,—,Militar
Chaco,Antonio Merlo,1979,1983,—,—,Militar
Chaco,Florencio Tenev,1983,1987,Chaco, 1912,Bs. As., 1993. Causas naturales,Médico
Chaco,Danilo Baroni,1987,1991,Chaco, 1944,—,Contador
Chaco,Ángel Rozas,1991,1999,Chaco, 1946,—,Abogado
Chaco,Roy Nikisch,1999,2007,Chaco, 1952,Chaco, 2017. Causas naturales,Médico
Chaco,Jorge Capitanich,2007,2013,Chaco, 1966,—,Contador
Chaco,Juan Manuel Urtubey (int.),2013,2014,—,—,—
Chaco,Jorge Capitanich,2014,2019,Chaco, 1966,—,Contador
Chaco,Domingo Peppo,2019,2019,Chaco, 1958,—,Ingeniero
Chaco,Jorge Capitanich,2019,2023,Chaco, 1966,—,Contador
Chaco,Leandro Zdero,2023,en ejercicio,Chaco, 1976,—,Docente / político
Misiones,Claudio Arrechea,1953,1955,Misiones, 1912,Bs. As., 1997. Causas naturales,Abogado
Misiones,César Napoleón Ayrault,1958,1962,Misiones, 1912,Bs. As., 1988. Causas naturales,Médico
Misiones,Adolfo Marino,1963,1966,Misiones, 1913,Bs. As., 1981. Causas naturales,Abogado
Misiones,Ernesto Julio Bianchi,1973,1976,Bs. As., 1937,—,Médico
Misiones,Raúl Lacabanne,1976,1977,Tucumán, 1925,—,Militar
Misiones,Jorge Antueno,1977,1981,—,—,Militar
Misiones,Carlos Bignone,1981,1983,—,—,Militar
Misiones,Julio César Humada,1983,1987,Misiones, 1932,—,Médico
Misiones,Julio César Humada,1987,1991,Misiones, 1932,—,Médico
Misiones,Freddy Humada,1991,1995,Misiones, 1942,—,Médico
Misiones,Ramón Puerta,1995,1999,Misiones, 1952,—,Empresario
Misiones,Carlos Rovira,1999,2003,Misiones, 1955,—,Comerciante
Misiones,Carlos Rovira,2003,2007,Misiones, 1955,—,Comerciante
Misiones,Maurice Closs,2007,2011,Misiones, 1968,—,Abogado
Misiones,Maurice Closs,2011,2015,Misiones, 1968,—,Abogado
Misiones,Hugo Passalacqua,2015,2019,Misiones, 1951,—,Docente / político
Misiones,Oscar Herrera Ahuad,2019,2023,Misiones, 1972,—,Médico
Misiones,Hugo Passalacqua,2023,en ejercicio,Misiones, 1951,—,Docente / político
Formosa,Augusto Facetti,1955,1955,Formosa, 1912,—,Médico
Formosa,Luis Gutnisky,1958,1962,Formosa, 1921,—,Médico
Formosa,Jorge Alcibíades García,1963,1966,Formosa, 1920,—,Abogado
Formosa,Antenor Gauna,1973,1976,Corrientes, 1935,—,Médico
Formosa,Juan Carlos Colombo,1976,1979,—,—,Militar
Formosa,Augusto Alemanzor,1979,1983,—,—,Militar
Formosa,Vicente Joga,1983,1987,Formosa, 1931,Formosa, 2008. Causas naturales,Abogado
Formosa,Floro Bogado,1987,1995,Formosa, 1939,—,Médico
Formosa,Gildo Insfrán,1995,en ejercicio,Formosa, 1951,—,Médico
Jujuy,Juan Ignacio Gorriti,1835,1836,Jujuy, 1781,Chile, 1842. Exilio,Sacerdote / político
Jujuy,Pablo Alemán,1836,1837,Jujuy, 1795,Jujuy, 1870. Causas naturales,Militar
Jujuy,José María Fascio,1838,1840,Jujuy, 1804,Jujuy, 1870. Causas naturales,Abogado
Jujuy,José Manuel de Guerrico,1840,1841,Bs. As., 1804,Bs. As., 1867. Causas naturales,Comerciante
Jujuy,Pedro José Portal,1842,1843,Jujuy, 1800,Jujuy, 1865. Causas naturales,Militar
Jujuy,Mariano Santibáñez,1843,1848,Jujuy, 1807,Jujuy, 1859. Causas naturales,Militar
Jujuy,Mariano Gordaliza,1855,1858,Jujuy, 1820,Jujuy, 1882. Causas naturales,Militar
Jujuy,Plácido Sánchez de Bustamante,1858,1862,Jujuy, 1830,Jujuy, 1894. Causas naturales,Abogado
Jujuy,Macedonio Graz,1862,1864,Jujuy, 1825,Jujuy, 1881. Causas naturales,Abogado
Jujuy,Álvaro Machicado,1864,1867,Bolivia, 1828,Jujuy, 1903. Causas naturales,Comerciante
Jujuy,Pedro José Portal,1868,1873,Jujuy, 1800,Jujuy, 1865. Causas naturales,Militar
Jujuy,José María Álvarez Prado,1873,1876,Jujuy, 1843,Jujuy, 1896. Causas naturales,Abogado
Jujuy,Teófilo Sánchez de Bustamante,1877,1882,Jujuy, 1845,Jujuy, 1921. Causas naturales,Abogado
Jujuy,Eugenio Tello,1882,1887,Jujuy, 1842,Jujuy, 1919. Causas naturales,Abogado
Jujuy,Domingo Teófilo Pérez,1887,1888,Jujuy, 1854,Bs. As., 1906. Causas naturales,Abogado
Jujuy,Miguel Aparicio,1888,1892,Jujuy, 1850,Jujuy, 1928. Causas naturales,Comerciante
Jujuy,Eugenio Tello,1892,1898,Jujuy, 1842,Jujuy, 1919. Causas naturales,Abogado
Jujuy,Sergio Alvarado,1898,1902,Jujuy, 1855,Jujuy, 1921. Causas naturales,Abogado
Jujuy,Pedro Pérez,1902,1906,Jujuy, 1867,Jujuy, 1936. Causas naturales,Abogado
Jujuy,Carlos Snopek,1906,1909,Jujuy, 1869,Jujuy, 1943. Causas naturales,Abogado
Jujuy,Horacio Carrillo,1909,1913,Jujuy, 1874,Jujuy, 1945. Causas naturales,Abogado
Jujuy,Pedro Pérez,1913,1916,Jujuy, 1867,Jujuy, 1936. Causas naturales,Abogado
Jujuy,Juan Peñaloza,1916,1918,Jujuy, 1876,Bs. As., 1955. Causas naturales,Abogado
Jujuy,Mateo Córdoba,1918,1922,Jujuy, 1883,Jujuy, 1968. Causas naturales,Médico
Jujuy,Benjamín Villafañe,1922,1924,Jujuy, 1878,Bs. As., 1967. Causas naturales,Abogado
Jujuy,Pedro Buitrago,1924,1927,Jujuy, 1879,Jujuy, 1943. Causas naturales,Abogado
Jujuy,Miguel Lima,1927,1928,Jujuy, 1882,Bs. As., 1963. Causas naturales,Abogado
Jujuy,Francisco Albisu,1930,1932,Jujuy, 1887,Jujuy, 1955. Causas naturales,Abogado
Jujuy,Fenelón Quintana,1932,1935,Jujuy, 1898,Jujuy, 1968. Causas naturales,Médico
Jujuy,Torcuato Aparicio,1935,1938,Jujuy, 1897,Jujuy, 1961. Causas naturales,Abogado
Jujuy,Pedro Buitrago,1938,1940,Jujuy, 1879,Jujuy, 1943. Causas naturales,Abogado
Jujuy,Fenelón Quintana,1940,1943,Jujuy, 1898,Jujuy, 1968. Causas naturales,Médico
Jujuy,Alberto Iturbe,1946,1950,Jujuy, 1919,Bs. As., 1972. Causas naturales,Médico
Jujuy,Carlos Snopek,1952,1955,Jujuy, 1914,Bs. As., 1968. Accidente,Abogado
Jujuy,Horacio Guzmán,1958,1962,Jujuy, 1920,Bs. As., 2014. Causas naturales,Abogado
Jujuy,Roberto Domínguez,1963,1966,Jujuy, 1921,—,Abogado
Jujuy,Darío Arias,1973,1976,Jujuy, 1930,—,Médico
Jujuy,Augusto Marelli,1976,1979,Jujuy, 1923,—,Militar
Jujuy,Hugo Soto,1979,1983,—,—,Militar
Jujuy,Carlos Snopek (h.),1983,1987,Jujuy, 1948,Bs. As., 2008. Cáncer,Abogado
Jujuy,Ricardo de Aparici,1987,1991,Jujuy, 1941,—,Abogado
Jujuy,Roberto Domínguez,1991,1996,Jujuy, 1921,—,Abogado
Jujuy,Carlos Ferraro,1996,1998,Jujuy, 1945,—,Abogado
Jujuy,Eduardo Fellner,1998,2007,Jujuy, 1953,—,Médico
Jujuy,Walter Barrionuevo,2007,2011,Jujuy, 1963,—,Docente
Jujuy,Eduardo Fellner,2011,2015,Jujuy, 1953,—,Médico
Jujuy,Gerardo Morales,2015,2023,Jujuy, 1965,—,Contador
Jujuy,Carlos Sadir,2023,en ejercicio,Jujuy, 1982,—,Ingeniero
San Juan,Salvador María del Carril,1820,1825,San Juan, 1798,Bs. As., 1883. Causas naturales,Abogado
San Juan,José Ignacio de la Roza,1825,1831,San Juan, 1792,San Juan, 1860. Causas naturales,Abogado
San Juan,Nazario Benavídez,1836,1858,San Juan, 1803,San Juan, 1858. Asesinado,Militar (caudillo)
San Juan,Manuel José Gómez Rufino,1858,1860,San Juan, 1826,San Juan, 1887. Causas naturales,Abogado
San Juan,Domingo Faustino Sarmiento,1862,1864,San Juan, 1811,Paraguay, 1888. Causas naturales,Maestro / escritor / político
San Juan,Tadeo Rojo,1864,1866,San Juan, 1833,Bs. As., 1900. Causas naturales,Abogado
San Juan,Manuel José Zavalla,1866,1868,San Juan, 1824,Bs. As., 1894. Causas naturales,Militar
San Juan,Camilo Rojo,1868,1870,San Juan, 1842,San Juan, 1884. Causas naturales,Abogado
San Juan,Augusto Videla,1870,1873,San Juan, 1825,Bs. As., 1885. Causas naturales,Abogado
San Juan,Valentín Videla,1873,1876,San Juan, 1834,Bs. As., 1919. Causas naturales,Abogado
San Juan,Agustín Gómez,1876,1880,San Juan, 1840,San Juan, 1920. Causas naturales,Abogado
San Juan,Domingo Faustino Sarmiento (int.),1879,1880,San Juan, 1811,Paraguay, 1888. Causas naturales,Maestro / escritor / político
San Juan,Agustín Gómez,1880,1884,San Juan, 1840,San Juan, 1920. Causas naturales,Abogado
San Juan,Anacleto Gil,1884,1888,San Juan, 1843,San Juan, 1896. Causas naturales,Abogado
San Juan,Francisco Martínez,1888,1892,San Juan, 1852,San Juan, 1914. Causas naturales,Abogado
San Juan,Ambrosio Oms,1892,1896,San Juan, 1852,San Juan, 1925. Causas naturales,Abogado
San Juan,Anacleto Gil,1896,1898,San Juan, 1843,San Juan, 1896. Causas naturales,Abogado
San Juan,Domingo Díaz,1898,1902,San Juan, 1855,San Juan, 1926. Causas naturales,Abogado
San Juan,Amable Jones,1902,1906,San Juan, 1862,San Juan, 1928. Causas naturales,Médico
San Juan,Cesáreo Díaz,1906,1910,San Juan, 1866,San Juan, 1944. Causas naturales,Abogado
San Juan,Juan Maurín,1910,1912,San Juan, 1867,San Juan, 1940. Causas naturales,Abogado
San Juan,Carlos Sarmiento,1916,1920,San Juan, 1872,San Juan, 1949. Causas naturales,Abogado
San Juan,Américo García,1920,1923,San Juan, 1884,San Juan, 1952. Causas naturales,Abogado
San Juan,Aldo Cantoni,1923,1927,San Juan, 1893,San Juan, 1939. Causas naturales,Médico
San Juan,Federico Cantoni,1927,1930,San Juan, 1890,San Juan, 1956. Causas naturales,Político / empresario
San Juan,Aldo Cantoni,1932,1934,San Juan, 1893,San Juan, 1939. Causas naturales,Médico
San Juan,Federico Cantoni,1934,1938,San Juan, 1890,San Juan, 1956. Causas naturales,Político / empresario
San Juan,Aldo Cantoni,1938,1940,San Juan, 1893,San Juan, 1939. Causas naturales,Médico
San Juan,Juan Maurín,1940,1943,San Juan, 1867,San Juan, 1940. Causas naturales,Abogado
San Juan,Ruperto Godoy,1946,1952,San Juan, 1900,San Juan, 1984. Causas naturales,Médico
San Juan,Horacio Videla,1952,1955,San Juan, 1905,San Juan, 1972. Causas naturales,Médico
San Juan,Leopoldo Bravo,1958,1962,San Juan, 1919,Bs. As., 2004. Causas naturales,Abogado
San Juan,Ernesto Ueltschi,1962,1966,Mendoza, 1921,Mendoza, 2005. Causas naturales,Médico
San Juan,Eloy Camus,1973,1976,San Juan, 1935,San Juan, 2000. Causas naturales,Médico
San Juan,Jorge Setti,1976,1977,San Juan, 1935,—,Militar
San Juan,Lombardo, Jorge,1977,1981,—,—,Militar
San Juan,Jorge Setti,1981,1983,San Juan, 1935,—,Militar
San Juan,Leopoldo Bravo,1983,1987,San Juan, 1919,Bs. As., 2004. Causas naturales,Abogado
San Juan,Carlos Gómez Centurión,1987,1991,San Juan, 1945,—,Abogado
San Juan,Jorge Escobar,1991,1999,San Juan, 1941,—,Empresario
San Juan,Alfredo Avelín,1999,2002,San Juan, 1941,—,Político
San Juan,José Luis Gioja,2003,2015,San Juan, 1947,—,Constructor
San Juan,Sergio Uñac,2015,2023,San Juan, 1970,—,Abogado
San Juan,Marcelo Orrego,2023,en ejercicio,San Juan, 1972,—,Abogado
La Rioja,Juan Facundo Quiroga,1823,1831,La Rioja, 1788,Barranca Yaco, 1835. Asesinado,Militar (caudillo)
La Rioja,Tomás Brizuela,1840,1843,La Rioja, 1795,La Rioja, 1843. Asesinado,Militar
La Rioja,Vicente Peñaloza,1855,1863,La Rioja, 1798,Olta, 1863. Asesinado,Militar (caudillo)
La Rioja,Julio Campos,1867,1870,La Rioja, 1834,La Rioja, 1913. Causas naturales,Militar
La Rioja,Guillermo Dávila,1870,1874,La Rioja, 1833,La Rioja, 1893. Causas naturales,Abogado
La Rioja,Julio Campos,1874,1878,La Rioja, 1834,La Rioja, 1913. Causas naturales,Militar
La Rioja,Eudoro Carrizo,1878,1882,La Rioja, 1846,La Rioja, 1918. Causas naturales,Médico
La Rioja,Francisco Vicente Bustos,1882,1886,La Rioja, 1845,La Rioja, 1905. Causas naturales,Abogado
La Rioja,Adolfo Dávila,1886,1890,La Rioja, 1844,Bs. As., 1903. Causas naturales,Abogado
La Rioja,Guillermo Dávila (h.),1890,1892,La Rioja, 1860,La Rioja, 1925. Causas naturales,Abogado
La Rioja,Joaquín Vega,1892,1898,La Rioja, 1855,La Rioja, 1939. Causas naturales,Abogado
La Rioja,Joaquín González,1898,1901,La Rioja, 1863,La Rioja, 1923. Causas naturales,Abogado
La Rioja,Eulalio Gil Navarro,1901,1907,La Rioja, 1870,La Rioja, 1935. Causas naturales,Abogado
La Rioja,Pedro Gordillo,1907,1911,La Rioja, 1874,La Rioja, 1946. Causas naturales,Abogado
La Rioja,Benjamín Rincón,1911,1914,La Rioja, 1874,La Rioja, 1953. Causas naturales,Abogado
La Rioja,Guillermo Dorato,1914,1919,La Rioja, 1878,La Rioja, 1968. Causas naturales,Abogado
La Rioja,Isaac Aguirre,1919,1920,La Rioja, 1881,La Rioja, 1936. Causas naturales,Abogado
La Rioja,Carlos Becerra,1920,1925,La Rioja, 1879,La Rioja, 1958. Causas naturales,Médico
La Rioja,Ricardo Yáñez,1925,1930,La Rioja, 1883,La Rioja, 1946. Causas naturales,Abogado
La Rioja,José Cantoni,1932,1934,San Juan, 1892,Bs. As., 1958. Causas naturales,Médico
La Rioja,Benjamín Rincón,1934,1938,La Rioja, 1874,La Rioja, 1953. Causas naturales,Abogado
La Rioja,Florencio Orellana,1938,1940,La Rioja, 1897,La Rioja, 1963. Causas naturales,Abogado
La Rioja,Ángel Eduardo Bavio,1946,1952,La Rioja, 1908,La Rioja, 1976. Causas naturales,Médico
La Rioja,Luis Dodero,1952,1955,La Rioja, 1908,La Rioja, 1985. Causas naturales,Médico
La Rioja,Carlos Lascano,1958,1962,La Rioja, 1912,La Rioja, 1980. Causas naturales,Médico
La Rioja,Jaime Luis Arce,1963,1966,La Rioja, 1920,La Rioja, 1987. Causas naturales,Médico
La Rioja,Guillermo Brizuela,1973,1976,La Rioja, 1925,—,Médico
La Rioja,Enrique Martínez Waldner,1976,1979,—,—,Militar
La Rioja,Mario Aguado,1979,1983,—,—,Militar
La Rioja,Carlos Menem,1973,1976,La Rioja, 1930,Bs. As., 2021. Causas naturales,Abogado
La Rioja,Carlos Menem,1983,1989,La Rioja, 1930,Bs. As., 2021. Causas naturales,Abogado
La Rioja,Bernardo Schiffrin,1989,1991,La Rioja, 1941,—,Abogado
La Rioja,Julio Martínez,1991,1995,La Rioja, 1944,La Rioja, 2017. Causas naturales,Médico
La Rioja,Ángel Maza,1995,2007,La Rioja, 1947,—,Médico
La Rioja,Luis Beder Herrera,2007,2019,La Rioja, 1955,—,Abogado
La Rioja,Ricardo Quintela,2019,en ejercicio,La Rioja, 1960,—,Docente / político
Catamarca,Ambrosio Ferreyra,1821,1823,Catamarca, 1780,Catamarca, 1844. Causas naturales,Militar
Catamarca,Marcos Piedra,1823,1826,Catamarca, 1789,Catamarca, 1865. Causas naturales,Abogado
Catamarca,Manuel Antonio Acuña,1831,1833,Catamarca, 1790,Catamarca, 1856. Causas naturales,Abogado
Catamarca,Moisés Oliva,1833,1836,Catamarca, 1800,Catamarca, 1869. Causas naturales,Militar
Catamarca,Manuel Navarro,1836,1841,Catamarca, 1793,Catamarca, 1862. Causas naturales,Militar
Catamarca,Octaviano Navarro,1852,1859,Catamarca, 1818,Catamarca, 1884. Causas naturales,Militar
Catamarca,Moisés Omill,1859,1862,Catamarca, 1823,Catamarca, 1874. Causas naturales,Abogado
Catamarca,Floro de la Peña,1862,1864,Catamarca, 1831,Bs. As., 1882. Causas naturales,Médico
Catamarca,Melitón Córdoba,1864,1868,Catamarca, 1838,Catamarca, 1880. Causas naturales,Abogado
Catamarca,Moisés Omill,1868,1869,Catamarca, 1823,Catamarca, 1874. Causas naturales,Abogado
Catamarca,Ramón Rosa Correa,1869,1873,Catamarca, 1840,Catamarca, 1894. Causas naturales,Abogado
Catamarca,Pedro Ramírez,1873,1876,Catamarca, 1840,Catamarca, 1904. Causas naturales,Abogado
Catamarca,Ramón Rosa Correa,1876,1880,Catamarca, 1840,Catamarca, 1894. Causas naturales,Abogado
Catamarca,Máximo Ruiz,1880,1884,Catamarca, 1844,Catamarca, 1910. Causas naturales,Médico
Catamarca,José Silvano Daza,1884,1886,Catamarca, 1845,Catamarca, 1914. Causas naturales,Abogado
Catamarca,Ramón Rosa Correa,1886,1888,Catamarca, 1840,Catamarca, 1894. Causas naturales,Abogado
Catamarca,Gustavo Ferrary,1888,1892,Catamarca, 1852,Catamarca, 1920. Causas naturales,Abogado
Catamarca,Filadelfo Cano,1892,1898,Catamarca, 1856,Bs. As., 1931. Causas naturales,Abogado
Catamarca,Enrique Ocampo,1898,1902,Catamarca, 1860,Bs. As., 1929. Causas naturales,Abogado
Catamarca,Delfín Gallo,1902,1906,Catamarca, 1861,Bs. As., 1925. Causas naturales,Abogado
Catamarca,Gustavo Ferrary,1906,1910,Catamarca, 1852,Catamarca, 1920. Causas naturales,Abogado
Catamarca,Guillermo Correa,1910,1913,Catamarca, 1868,Bs. As., 1940. Causas naturales,Abogado
Catamarca,Ramón Gómez,1913,1916,Catamarca, 1876,Bs. As., 1937. Causas naturales,Abogado
Catamarca,Fidel Barrionuevo,1916,1919,Catamarca, 1880,Bs. As., 1950. Causas naturales,Abogado
Catamarca,Ramón Gómez,1919,1922,Catamarca, 1876,Bs. As., 1937. Causas naturales,Abogado
Catamarca,José Antonio Álvarez,1922,1928,Catamarca, 1884,Bs. As., 1951. Causas naturales,Abogado
Catamarca,Adán Quiroga,1928,1930,Catamarca, 1863,Bs. As., 1930. Causas naturales,Abogado
Catamarca,Miguel Maguire,1932,1936,Catamarca, 1892,Bs. As., 1954. Causas naturales,Médico
Catamarca,Vicente Espeche,1936,1940,Catamarca, 1897,Bs. As., 1964. Causas naturales,Médico
Catamarca,Ernesto Carrizo,1940,1943,Catamarca, 1893,Bs. As., 1967. Causas naturales,Abogado
Catamarca,Vicente Espeche,1946,1952,Catamarca, 1897,Bs. As., 1964. Causas naturales,Médico
Catamarca,Arnoldo Vildoza,1952,1955,Catamarca, 1905,Bs. As., 1975. Causas naturales,Médico
Catamarca,Enrique Gallardo Valdéz,1958,1962,Catamarca, 1912,Bs. As., 1983. Causas naturales,Abogado
Catamarca,Abelardo Andino,1963,1966,Catamarca, 1921,Bs. As., 1992. Causas naturales,Abogado
Catamarca,Guillermo Luque,1973,1976,Catamarca, 1930,—,Médico
Catamarca,Rubén Fortunato,1976,1979,Catamarca, 1935,—,Militar
Catamarca,José Luis Bustamante,1979,1983,Catamarca, 1940,—,Militar
Catamarca,Ramón Saadi,1983,1991,Catamarca, 1931,Bs. As., 1988. Causas naturales,Abogado
Catamarca,Vicente Leonidas Saadi (int.),1988,1991,Catamarca, 1916,Bs. As., 1988. Causas naturales,Abogado
Catamarca,Arnoldo Castillo,1991,1991,Catamarca, 1947,—,Abogado
Catamarca,Ramona Saadi (int.),1991,1991,Catamarca, 1959,—,Abogado
Catamarca,Rubén Marin,1991,1995,La Pampa, 1938,—,Ingeniero (en La Pampa)
Catamarca,Arnoldo Castillo,1995,2003,Catamarca, 1947,—,Abogado
Catamarca,Eduardo Brizuela del Moral,2003,2007,Catamarca, 1942,—,Abogado
Catamarca,Oscar Castillo,2007,2015,Catamarca, 1960,—,Médico
Catamarca,Lucía Corpacci,2015,2019,Catamarca, 1961,—,Abogada
Catamarca,Raúl Jalil,2019,en ejercicio,Catamarca, 1975,—,Ingeniero
Santiago del Estero,Juan Felipe Ibarra,1820,1851,Santiago del Estero, 1787,Santiago del Estero, 1851. Causas naturales,Militar (caudillo)
Santiago del Estero,Antonino Taboada,1851,1871,Santiago del Estero, 1813,Bs. As., 1883. Causas naturales,Militar
Santiago del Estero,Manuel Taboada,1851,1875,Santiago del Estero, 1817,Bs. As., 1888. Causas naturales,Militar / político
Santiago del Estero,Pedro Gallo,1867,1869,Santiago del Estero, 1844,Bs. As., 1895. Causas naturales,Abogado
Santiago del Estero,Absalón Ibarra,1875,1878,Santiago del Estero, 1843,Santiago del Estero, 1905. Causas naturales,Militar
Santiago del Estero,Álvaro Garmendia,1878,1880,Santiago del Estero, 1849,Bs. As., 1917. Causas naturales,Abogado
Santiago del Estero,Pedro Gallo,1880,1882,Santiago del Estero, 1844,Bs. As., 1895. Causas naturales,Abogado
Santiago del Estero,Miguel Nougués,1882,1886,Tucumán, 1848,Tucumán, 1930. Causas naturales,Industrial azucarero
Santiago del Estero,Maximio Victoria,1886,1889,Santiago del Estero, 1843,Bs. As., 1900. Causas naturales,Médico
Santiago del Estero,Octavio Gondra,1889,1892,Santiago del Estero, 1847,Bs. As., 1911. Causas naturales,Abogado
Santiago del Estero,Alejandro Gronda,1892,1896,Santiago del Estero, 1860,Bs. As., 1932. Causas naturales,Abogado
Santiago del Estero,Amadeo Jacques (h.),1896,1898,Santiago del Estero, 1862,Bs. As., 1932. Causas naturales,Abogado
Santiago del Estero,Absalón Rojas,1898,1902,Santiago del Estero, 1858,Bs. As., 1932. Causas naturales,Abogado
Santiago del Estero,Manuel Argañaraz,1902,1906,Santiago del Estero, 1869,Bs. As., 1940. Causas naturales,Abogado
Santiago del Estero,Carlos Carranza,1906,1908,Santiago del Estero, 1870,Bs. As., 1936. Causas naturales,Abogado
Santiago del Estero,Francisco Bosch,1908,1913,Santiago del Estero, 1876,Bs. As., 1947. Causas naturales,Médico
Santiago del Estero,Juan B. Castro,1913,1916,Santiago del Estero, 1873,Bs. As., 1950. Causas naturales,Abogado
Santiago del Estero,Inocencio Liberato Gómez,1916,1919,Santiago del Estero, 1871,Bs. As., 1941. Causas naturales,Abogado
Santiago del Estero,Francisco Correa,1919,1922,Santiago del Estero, 1880,Bs. As., 1949. Causas naturales,Abogado
Santiago del Estero,Adolfo Castiglione,1922,1928,Santiago del Estero, 1887,Bs. As., 1959. Causas naturales,Médico
Santiago del Estero,Lola Vera,1928,1930,Santiago del Estero, 1897,Bs. As., 1956. Causas naturales,—
Santiago del Estero,Enrique Loza,1932,1936,Santiago del Estero, 1895,Bs. As., 1977. Causas naturales,Abogado
Santiago del Estero,Enrique Tello Cornejo,1936,1940,Santiago del Estero, 1897,Bs. As., 1965. Causas naturales,Médico
Santiago del Estero,Carlos Juárez,1949,1952,Santiago del Estero, 1916,Santiago del Estero, 2010. Causas naturales,Abogado
Santiago del Estero,Benjamín Zavalía,1952,1955,Santiago del Estero, 1908,Santiago del Estero, 1972. Causas naturales,Abogado
Santiago del Estero,Eduardo Miguel,1958,1962,Santiago del Estero, 1908,Santiago del Estero, 1980. Causas naturales,Médico
Santiago del Estero,Carlos Juárez,1973,1976,Santiago del Estero, 1916,Santiago del Estero, 2010. Causas naturales,Abogado
Santiago del Estero,César Melgara,1976,1979,—,—,Militar
Santiago del Estero,José Domingo Catalán,1979,1983,—,—,Militar
Santiago del Estero,Carlos Juárez,1983,1987,Santiago del Estero, 1916,Santiago del Estero, 2010. Causas naturales,Abogado
Santiago del Estero,César Iturre,1987,1991,Santiago del Estero, 1946,—,Abogado
Santiago del Estero,Carlos Juárez,1995,1999,Santiago del Estero, 1916,Santiago del Estero, 2010. Causas naturales,Abogado
Santiago del Estero,Mercedes de Juárez (int.),2001,2002,Santiago del Estero, 1924,Santiago del Estero, 2009. Causas naturales,—
Santiago del Estero,Carlos Juárez,2002,2004,Santiago del Estero, 1916,Santiago del Estero, 2010. Causas naturales,Abogado
Santiago del Estero,Gerardo Zamora,2005,2013,Santiago del Estero, 1965,—,Abogado
Santiago del Estero,Claudia de Zamora,2013,2017,Santiago del Estero, 1971,—,Abogada
Santiago del Estero,Gerardo Zamora,2017,en ejercicio,Santiago del Estero, 1965,—,Abogado
San Luis,Juan Martín de Pueyrredón,1820,1820,Bs. As., 1776,Bs. As., 1850. Causas naturales,Político / militar
San Luis,Juan del Campillo,1820,1825,San Luis, 1781,San Luis, 1843. Causas naturales,Abogado
San Luis,Juan Gualberto Godoy,1825,1827,Mendoza, 1793,Bs. As., 1864. Causas naturales,Poeta / político
San Luis,Santiago Funes,1836,1840,San Luis, 1800,San Luis, 1862. Causas naturales,Militar
San Luis,Claudio Lucero,1840,1843,San Luis, 1804,San Luis, 1875. Causas naturales,Militar
San Luis,Pablo Lucero,1843,1855,San Luis, 1802,San Luis, 1866. Causas naturales,Militar (caudillo)
San Luis,Juan Barbeito,1855,1860,San Luis, 1818,Bs. As., 1882. Causas naturales,Médico
San Luis,Justo Daract,1860,1862,San Luis, 1829,Bs. As., 1882. Causas naturales,Abogado
San Luis,Juan Barbeito,1862,1863,San Luis, 1818,Bs. As., 1882. Causas naturales,Médico
San Luis,Justo Daract,1862,1869,San Luis, 1829,Bs. As., 1882. Causas naturales,Abogado
San Luis,Mauricio Daract,1870,1872,San Luis, 1839,San Luis, 1897. Causas naturales,Abogado
San Luis,Miguel Zavala,1872,1876,San Luis, 1840,Bs. As., 1918. Causas naturales,Abogado
San Luis,José María Adaro,1876,1880,San Luis, 1845,San Luis, 1907. Causas naturales,Abogado
San Luis,Toribio Mendoza,1880,1884,San Luis, 1835,San Luis, 1895. Causas naturales,Abogado
San Luis,Jacinto Videla,1884,1888,San Luis, 1849,San Luis, 1914. Causas naturales,Abogado
San Luis,Pedro Colazo,1888,1892,San Luis, 1855,Bs. As., 1924. Causas naturales,Médico
San Luis,Jacinto Videla,1892,1893,San Luis, 1849,San Luis, 1914. Causas naturales,Abogado
San Luis,Lindor Quiroga,1893,1897,San Luis, 1856,San Luis, 1934. Causas naturales,Abogado
San Luis,Jacinto Videla,1897,1901,San Luis, 1849,San Luis, 1914. Causas naturales,Abogado
San Luis,Benigno Rodríguez Jurado,1901,1904,San Luis, 1862,Bs. As., 1937. Causas naturales,Abogado
San Luis,Jacinto Videla,1904,1906,San Luis, 1849,San Luis, 1914. Causas naturales,Abogado
San Luis,Juan Llerena,1907,1909,San Luis, 1868,Bs. As., 1940. Causas naturales,Abogado
San Luis,Celestino Jofré,1909,1913,San Luis, 1870,San Luis, 1941. Causas naturales,Abogado
San Luis,Juan Llerena,1913,1916,San Luis, 1868,Bs. As., 1940. Causas naturales,Abogado
San Luis,José Agustín Puebla,1916,1918,San Luis, 1875,Bs. As., 1942. Causas naturales,Médico
San Luis,Amadeo Videla,1918,1920,San Luis, 1880,Bs. As., 1942. Causas naturales,Abogado
San Luis,Pablo Lucero (h.),1920,1923,San Luis, 1888,Bs. As., 1944. Causas naturales,Abogado
San Luis,Eriberto Mendoza,1923,1924,San Luis, 1891,Bs. As., 1966. Causas naturales,Médico
San Luis,Laureano Landaburu,1924,1928,San Luis, 1887,San Luis, 1966. Causas naturales,Abogado
San Luis,Aníbal Descalzo,1928,1930,San Luis, 1899,Bs. As., 1976. Causas naturales,Abogado
San Luis,Cosme Damián Zavala,1932,1936,San Luis, 1884,San Luis, 1965. Causas naturales,Abogado
San Luis,Gustavo Zavala,1936,1940,San Luis, 1893,San Luis, 1971. Causas naturales,Médico
San Luis,Toribio Lucero,1940,1943,San Luis, 1895,San Luis, 1971. Causas naturales,Médico
San Luis,Lucio Furque,1946,1952,San Luis, 1905,San Luis, 1977. Causas naturales,Médico
San Luis,Víctor Endeiza,1952,1955,San Luis, 1906,San Luis, 1992. Causas naturales,Médico
San Luis,Víctor Endeiza,1958,1962,San Luis, 1906,San Luis, 1992. Causas naturales,Médico
San Luis,Edgardo Furque,1963,1966,San Luis, 1914,San Luis, 1989. Causas naturales,Médico
San Luis,Elías Adre,1973,1976,San Luis, 1932,—,Médico
San Luis,Rodolfo Páez,1976,1979,—,—,Militar
San Luis,Juan Pablo Saa,1979,1983,—,—,Militar
San Luis,Adolfo Rodríguez Saá,1983,1991,San Luis, 1947,—,Abogado
San Luis,Rubén Marín,1991,1995,La Pampa, 1938,—,Ingeniero
San Luis,Adolfo Rodríguez Saá,1995,2001,San Luis, 1947,—,Abogado
San Luis,Alberto Rodríguez Saá,2001,2003,San Luis, 1948,—,Abogado
San Luis,Adolfo Rodríguez Saá,2003,2011,San Luis, 1947,—,Abogado
San Luis,Claudio Poggi,2011,2015,San Luis, 1963,—,Abogado
San Luis,Alberto Rodríguez Saá,2015,2019,San Luis, 1948,—,Abogado
San Luis,Alberto Rodríguez Saá,2019,2023,San Luis, 1948,—,Abogado
San Luis,Claudio Poggi,2023,en ejercicio,San Luis, 1963,—,Abogado
Neuquén,Eduardo Fliess,1955,1958,Neuquén, 1915,Neuquén, 1995. Causas naturales,Médico
Neuquén,José Ignacio Ferreyra,1958,1962,La Rioja, 1916,—,Abogado
Neuquén,Antonio Castelli,1963,1966,Bs. As., 1921,—,Abogado
Neuquén,Felipe Sapag,1963,1966,Neuquén, 1917,Neuquén, 2012. Causas naturales,Comerciante / político
Neuquén,Felipe Sapag,1970,1972,Neuquén, 1917,Neuquén, 2012. Causas naturales,Comerciante / político
Neuquén,Héctor Álvarez,1972,1973,Neuquén, 1935,—,Abogado
Neuquén,Felipe Sapag,1973,1976,Neuquén, 1917,Neuquén, 2012. Causas naturales,Comerciante / político
Neuquén,Rubén Sapag,1976,1976,Neuquén, 1929,Neuquén, 2007. Causas naturales,Médico
Neuquén,Pedro Salvatori,1976,1981,—,—,Militar
Neuquén,Domingo Trimarco,1981,1983,—,—,Militar
Neuquén,Felipe Sapag,1983,1987,Neuquén, 1917,Neuquén, 2012. Causas naturales,Comerciante / político
Neuquén,Pedro Salvatori,1987,1991,—,—,Ingeniero
Neuquén,Felipe Sapag,1991,1995,Neuquén, 1917,Neuquén, 2012. Causas naturales,Comerciante / político
Neuquén,Jorge Sobisch,1995,1999,Neuquén, 1953,—,Abogado
Neuquén,Jorge Sobisch,1999,2003,Neuquén, 1953,—,Abogado
Neuquén,Sobisch, Jorge (3.°),2003,2007,Neuquén, 1953,—,Abogado
Neuquén,Jorge Augusto Sapag,2007,2015,Neuquén, 1955,—,Médico
Neuquén,Omar Gutiérrez,2015,2023,Neuquén, 1967,—,Ingeniero
Neuquén,Rolando Figueroa,2023,en ejercicio,Neuquén, 1970,—,Docente / político
Río Negro,John Gabardini,1958,1962,Bs. As., 1920,—,Abogado
Río Negro,Edgardo Castello,1963,1966,Bs. As., 1919,—,Abogado
Río Negro,Roberto Requeijo,1973,1976,Río Negro, 1930,—,Médico
Río Negro,José Villarreal,1976,1977,—,—,Militar
Río Negro,Osvaldo Fortuna,1977,1983,—,—,Militar
Río Negro,Osvaldo Álvarez Guerrero,1983,1987,Buenos Aires, 1929,—,Abogado
Río Negro,Horacio Massaccesi,1987,1995,Bs. As., 1946,—,Abogado
Río Negro,Pablo Verani,1995,2003,Río Negro, 1945,Río Negro, 2017. Causas naturales,Ingeniero
Río Negro,Miguel Saiz,2003,2011,Viedma, 1962,—,Abogado
Río Negro,Alberto Weretilneck,2011,2019,Río Negro, 1969,—,Abogado
Río Negro,Arabela Carreras,2019,2023,Neuquén, 1963,—,Médica
Río Negro,Alberto Weretilneck,2023,en ejercicio,Río Negro, 1969,—,Abogado
Chubut,Jorge Allende,1958,1962,Chubut, 1919,—,Abogado
Chubut,Jorge Galina,1963,1966,Chubut, 1920,—,Médico
Chubut,Benito Fernández,1973,1976,Chubut, 1930,—,Médico
Chubut,Jorge Domingo Luque,1976,1977,—,—,Militar
Chubut,Enrique Muñoz,1977,1981,—,—,Militar
Chubut,Jorge Pío González,1981,1983,—,—,Militar
Chubut,Mario Echeverría Boneo,1987,1987,Chubut, 1930,—,Abogado
Chubut,Atilio Viglione,1983,1987,Chubut, 1933,—,Abogado
Chubut,Carlos Maestro,1987,1991,Chubut, 1943,—,Contador
Chubut,Carlos Maestro,1991,1995,Chubut, 1943,—,Contador
Chubut,Carlos Maestro,1995,1999,Chubut, 1943,—,Contador
Chubut,José Luis Lizurume,1999,2003,Chubut, 1945,Chubut, 2022. Causas naturales,Médico
Chubut,Mario Das Neves,2003,2011,Chubut, 1944,Chubut, 2018. Cáncer,Sindicalista
Chubut,Martín Buzzi,2011,2015,Chubut, 1968,—,Médico
Chubut,Mario Das Neves,2015,2018,Chubut, 1944,Chubut, 2018. Cáncer,Sindicalista
Chubut,Mariano Arcioni,2018,2023,Chubut, 1972,—,Ingeniero
Chubut,Ignacio Torres,2023,en ejercicio,Chubut, 1986,—,Abogado
Santa Cruz,Mario Paradelo,1958,1962,Santa Cruz, 1923,—,Abogado
Santa Cruz,Carlos Martín,1963,1966,Santa Cruz, 1919,—,Médico
Santa Cruz,Jorge Cepernic,1973,1976,Santa Cruz, 1921,Bs. As., 1976. Desaparecido,Contador
Santa Cruz,Eduardo Esteban Trujillo,1976,1979,—,—,Militar
Santa Cruz,Roberto de la Torre,1979,1983,—,—,Militar
Santa Cruz,Arturo Puricelli,1983,1987,Bs. As., 1942,—,Abogado
Santa Cruz,Néstor Kirchner,1991,1995,Río Gallegos, 1950,El Calafate, 2010. Paro cardíaco,Abogado
Santa Cruz,Néstor Kirchner,1995,1999,Río Gallegos, 1950,El Calafate, 2010. Paro cardíaco,Abogado
Santa Cruz,Néstor Kirchner,1999,2003,Río Gallegos, 1950,El Calafate, 2010. Paro cardíaco,Abogado
Santa Cruz,Carlos Sancho,1987,1991,Santa Cruz, 1944,—,Médico
Santa Cruz,Héctor Icazuriaga,2003,2003,Santa Cruz, 1953,—,Abogado
Santa Cruz,Sergio Acevedo,2003,2007,Santa Cruz, 1966,—,Abogado
Santa Cruz,Daniel Peralta,2007,2011,Santa Cruz, 1967,—,Contador
Santa Cruz,Daniel Peralta,2011,2011,Santa Cruz, 1967,—,Contador
Santa Cruz,Cristina Kirchner (int.),2007,2007,Bs. As., 1953,—,Abogada
Santa Cruz,Daniel Peralta,2011,2015,Santa Cruz, 1967,—,Contador
Santa Cruz,Alicia Kirchner,2015,2023,Bs. As., 1948,—,Asistente social
Santa Cruz,Claudio Vidal,2023,en ejercicio,Santa Cruz, 1974,—,Sindicalista
Tierra del Fuego,Ernesto Campos,1991,1995,Bs. As., 1950,—,Abogado
Tierra del Fuego,Carlos Manfredotti,1995,2003,Bs. As., 1950,—,Empresario
Tierra del Fuego,Jorge Colazo,2003,2007,Tierra del Fuego, 1958,—,Abogado
Tierra del Fuego,Fabiana Ríos,2007,2011,Tierra del Fuego, 1963,—,Lic. en Economía
Tierra del Fuego,Fabiana Ríos,2011,2015,Tierra del Fuego, 1963,—,Lic. en Economía
Tierra del Fuego,Rosana Bertone,2015,2019,Buenos Aires, 1960,—,Abogada
Tierra del Fuego,Gustavo Melella,2019,en ejercicio,Tierra del Fuego, 1970,—,Contador
La Pampa,Salvador Dana Montaño,1952,1955,San Luis, 1912,La Pampa, 1994. Causas naturales,Abogado
La Pampa,Ismael Amit,1958,1962,La Pampa, 1922,La Pampa, 1998. Causas naturales,Abogado
La Pampa,Víctor María García Pinto,1963,1966,La Pampa, 1920,—,Abogado
La Pampa,Abel Castello,1973,1976,La Pampa, 1929,—,Médico
La Pampa,Carlos Luján Duarte,1976,1979,—,—,Militar
La Pampa,Calixto Caro,1979,1983,—,—,Militar
La Pampa,Rubén Marín,1983,1987,La Pampa, 1938,—,Ingeniero
La Pampa,Rubén Marín,1987,1991,La Pampa, 1938,—,Ingeniero
La Pampa,Rubén Marín,1991,1995,La Pampa, 1938,—,Ingeniero
La Pampa,Rubén Marín,1995,1999,La Pampa, 1938,—,Ingeniero
La Pampa,Carlos Verna,1999,2003,La Pampa, 1947,—,Comerciante
La Pampa,Carlos Verna,2003,2007,La Pampa, 1947,—,Comerciante
La Pampa,Oscar Mario Jorge,2007,2015,La Pampa, 1942,—,Docente
La Pampa,Carlos Verna,2015,2019,La Pampa, 1947,—,Comerciante
La Pampa,Sergio Ziliotto,2019,en ejercicio,La Pampa, 1965,—,Abogado
